,y,x1,x2,x3,x4,x5,x6,x7,x8,x9,x10,x11,x12,x13,x14,x15,x16,x17,x18,x19,x20,x21,x22,x23,x24,x25
0,11.316789874965016,0.6972774809322914,0.9889725607668275,0.6694772999900432,0.38378183017760004,0.22956426847588962,0.8961512196021808,-0.03742070651888629,3.0971840890822415,-0.5848770204210827,0.6304502784804012,-1.261889968560658,1.4254230796813476,0.72208291157755,1.1576119905728142,0.65868204503331,3.8356235242978762,0.1736541312744213,3.371445476502094,2.3207551504611716,1.9806738492368448,1.597734152715287,0.6548215186493169,0.3109165249378819,2.3475706693684217,0.7620525202909896
1,10.821605648775526,-0.9130150677038134,1.1706940567983612,0.8066552393232657,1.4333200286690586,0.8708922992134188,0.6444582751660404,0.47069890095491673,1.2649367251909986,0.24514227845193204,0.630128068401304,0.4827408677461684,2.3211817951286715,1.177927470685149,-0.08419986319809403,-0.9498319731163336,1.2985910344445257,1.4852955726256667,3.022701760249316,0.930555886944459,1.6383195227857321,0.7058784158846927,1.9657798344826445,-0.4750988653852424,1.5121958706679464,-1.7302741030825923
2,7.583175002499324,0.9494519484414731,-0.6648533248832742,-1.70253847730547,1.4363178445639937,0.6541744306672395,1.4233268285734189,0.7764593428330879,0.10677247774799692,2.49351220403277,-0.3828066874438836,1.2378408491496107,0.24231330561073627,0.23420631276548332,0.42003889977088116,0.22114951443088848,-0.30711127916487624,2.30319289527708,1.9803304948980958,1.4178991211922098,1.0919601789207174,0.14218156425577766,0.11023845079271477,-0.5131880527258819,1.6308029606708514,3.234229359172405
3,13.853754453833119,-0.6267310502336128,1.4823136206917926,0.9738921853050921,-0.48734947305110987,1.9485420232977075,1.9057678418759512,0.5534096878749741,3.4084341518138577,2.7426603588914915,1.3268125566438205,0.6031763099787928,1.0213140799637204,1.5173744827109323,-1.1066375870073282,2.4350802274881644,1.2144184024179365,1.609559359940449,0.3983758469148768,3.254885129915857,2.1531146711104476,1.8319677478851348,0.7160612051998461,-0.4838356403224493,0.3536610421610684,-0.22593505561751992
4,13.403174423740664,0.9449150809881477,0.9431176561375035,1.90263493106479,1.9953368766710537,1.882266812249223,-0.43237991858052793,1.2239463014427923,1.3766531772979413,2.0237000094578614,2.367593083072567,0.34134475733774194,0.3764037334101257,-0.18774741382880022,0.9146675261883143,0.12870562769351523,-1.1251929637606533,2.2635778714427275,0.2567106517544998,1.5340503287933944,0.5390163143017817,1.4601010106547303,1.501375509577846,1.134278357341967,0.42051517274137484,2.768953243536469
5,5.111620063610067,-0.6538976754820822,1.1882833122445309,-0.8795303968830979,0.484942828611717,1.809011290199207,-0.4889220876168703,1.9566670534646033,1.8557403623976598,-0.3195644649377738,0.8091732054027843,1.4038261242062142,-0.08386097273184445,-1.5739487760392366,-0.9277526374742993,0.3532686718926513,-0.061584197830905296,0.9699904445337206,2.882779326965549,1.5804301259360338,1.3798842980155825,0.1892014102651134,1.5209474428543142,1.0223469031485506,1.4771684835529741,-0.766846372899648
6,12.67999405237502,0.861664236706718,2.180787971145919,1.6190528032046547,0.28158873785661664,-0.12933827333614212,0.8868082740433433,1.3810377059522443,-1.2092161570953013,1.5922084734943323,2.237734144469055,1.163732533277927,1.1449007930143085,-0.7867315428474582,0.4555410281280521,0.5064464923447067,0.8742924059785367,1.3298200822576685,-0.22840492897812203,3.7249646069120788,1.7116959289173945,0.9523674239869434,0.09667030889880834,0.9899619200767686,1.9863300679966889,2.0723659261925613
7,13.461694276018527,2.029583620607029,-0.03185295606161076,1.2097073064597252,0.5898718783454799,1.3021673823944688,-0.027076334399928514,1.9419735825577689,1.0239088079853274,0.2366038840236363,1.4922064177573955,1.4561448158835921,0.9670206010130739,0.315456461282019,1.9111840428445017,0.9401888088483658,0.5723900902692547,2.6439793742124533,-0.3547590281225257,0.8742235284420694,-0.009466816646426679,1.9887604479702703,1.0602360925426402,1.7043774165050745,0.24160914934355082,0.7323064674998592
8,14.753814082377614,0.519448679704799,1.7216827233664114,1.049394642560384,0.9025983866302842,1.6010736926909108,0.9789707284948614,0.5972714277806124,-0.3878101702067809,1.7770561056444405,0.36275712530967064,0.46316021828664344,2.3681207217565463,2.1877698159700536,2.3383873287966805,1.786350134125451,0.7185502367561782,-0.12259407226476782,2.56049756379839,-0.09118746168217862,-0.792873855411041,2.579618422550519,0.7106491060666245,1.4876604685001202,0.17738376867929506,-0.636800168364333
9,10.1214891189011,-0.6392375151447558,1.3012658844733813,2.3474761682873293,-0.08675367333296391,0.30974869139752226,1.9552398669324125,0.920476561268732,0.8541465395941744,0.6501821152571501,1.5247869619118537,0.9614213161822927,0.9172880443398889,1.0554645389122919,-0.5285593047448762,-0.6904522056193694,0.7152159198506884,-0.2053226193783131,0.687847504633301,1.3613396150441273,0.079878680562819,0.8152067132476339,0.6425621986862505,0.43359272611803357,1.433672844750773,0.9349028007618692
10,16.281008596974477,1.6286728879843198,1.8224352165026105,0.8615728665854925,2.450415532959159,0.09210612051067157,0.27273622520112584,2.2803928422618878,0.6892423600952515,1.0979941834864906,0.2617608912713141,1.1048017707848903,0.537092502268919,1.1987623366696363,2.5205167161961333,1.6389550841272862,2.2219677643636997,1.1211203753994368,0.5251131881990104,2.1391845773050067,2.210878387651758,1.6146996848335173,0.42978466298181395,2.144704868692272,0.4426986280235441,0.8578116874694321
11,16.141103498518735,1.329172692563772,1.2760232645731127,2.626457962251811,0.439468139964744,-0.15531353710197182,1.4431873574837915,0.7385943364341059,2.1543112933439623,2.461375689491471,0.3664084778920973,1.4569621630537153,0.045720055872291554,0.6487089363306108,1.3984592336163257,2.3246641296062105,1.44809593322472,1.6565174166230063,2.0877060213137355,2.1277406458303685,-0.23206191506090512,-0.0610898021823123,2.655998959502238,0.3976811955479418,2.469477546357237,-0.6612321851332776
12,7.753624007319478,0.47645060585076404,-0.3393044273133694,1.3003653290243067,0.4012873605757078,1.166640326059519,-0.12264506206198189,1.660082082881631,1.0468318067450968,1.2791110855276875,1.0971831623856323,-0.2538413243499935,1.7557990073017455,-1.3793635178604715,1.3740013191430003,-0.32742081153908287,-0.43443493475057204,0.5820819356439579,0.5336292078746165,1.9224517182884147,-0.22464294307895472,-0.1942030719061627,1.0631145732652176,1.4968297140119717,3.727280052628521,-0.39912668031346255
13,14.121968137057685,1.910025699454117,1.5191481537671607,1.488461012485414,-0.32930303822889684,1.3458753494027154,-0.6230591287365921,2.405921700742598,1.8609911059125062,0.6238259086478191,1.5236997416117224,0.9692400623011628,-0.38295978134935704,-0.15947356386718847,0.8376522684393404,1.130657381398098,3.7703682642722955,0.844585427054662,2.375118237024388,2.5836343739073717,-0.1788809219253591,-0.05540966585863183,0.637321927267686,0.6796658962801648,0.8407716636650198,-0.9598857806014074
14,11.978454780058508,2.250498598776904,1.3180423188074224,-0.1674328766043216,-1.2166106000644854,1.8792502520762744,0.7206806152764058,1.4761144911250128,2.524953897685012,0.9000529663451213,-0.6436480678871233,0.28934924955583075,-0.3935733783105022,-0.5605327804461171,2.02121898740248,-0.2274954285907751,1.024179359071083,2.646341347650174,2.033087975138611,0.47071651604960496,0.09411928637201927,1.1188244638185012,1.1240072701783,-0.42188436107083094,0.5875150009957958,1.820160570337459
15,15.63828841132863,1.8473804306025163,1.3459933582869863,2.2395695844997956,0.22860015434810133,2.725867126957384,0.23280901021932554,-0.6183942637995166,2.22268521536519,2.0765114159973326,-0.1797549289309044,1.423095746762784,-0.5167911759292743,0.9477138595758254,1.8608614553666714,1.25625962983487,0.40509668332430393,-0.7362284781257942,3.2068246539117777,-0.342385476564415,0.5970042934857165,-0.3056662312035201,4.021403641576661,1.4551762784607147,0.017515694663712056,1.5984079619259246
16,11.74964558342164,0.4218290889018409,1.8275117118482482,1.7475196405417432,1.2085991317758185,-0.7415507785029867,1.7882130800555518,-0.05426679441888771,-0.3030940958250117,0.07683771917109494,1.471162805793894,1.66554214827064,0.16567871601739093,0.9192462096614213,-0.6385467362242636,0.9930173213739656,1.6640305077426791,1.2383013004145749,2.8521389775384627,0.9075029013175685,0.6018965092023361,1.7735519275949985,1.8402203162911053,0.4448008168870682,2.6158555398945484,1.9181609350775108
17,10.012000250743542,0.6296252337490157,0.525323946777343,0.6856097070030786,0.9572778960917306,1.2969097484669048,1.4180603309045798,1.7152603662355292,0.49223288502024043,0.3787071942049447,0.8254761694612329,0.2236616449440827,0.887302898146579,-0.7317735768272187,0.2479455261177288,-0.4113446824001168,0.13026006846756955,0.8951213847385652,-0.6954299306021192,2.226351366737314,0.292649856838857,1.0204187485210554,1.935035486816549,0.5626406280267437,1.350959997173336,0.3085251911409187
18,9.517721740798535,0.7912254119950057,1.0261027418945305,-0.6978796296521397,1.1270815104775866,0.22176402407495843,0.4602934680036236,2.369704696512092,0.1667721819454251,0.7921578794891182,0.952859799755845,0.507476287376316,2.032595045895728,2.920721261420054,0.55913670473607,0.0731938569747681,0.7015250636404488,0.9195162126355176,2.9194227027835797,-0.26571892539582653,1.5712639159587676,1.1233519188671015,0.4789387934249649,-0.2161741539722739,0.3732847133067755,2.179652618354297
19,8.245983043158345,0.2348860046536283,-1.4190009629917832,-0.9362970666491597,0.5347592394527649,-0.20962473924680225,1.8753933810986285,1.0759064180911924,1.7422371533891037,1.3537420189819924,-0.2741767949167391,1.7496555782222594,2.392667309298636,-1.0482793661543042,0.5280129481419336,0.0788369729651266,1.359788022337606,-0.4516928068516677,1.1725988278831245,1.2303005841137893,-0.6966468404052839,-0.8750749644271116,1.4213950311222951,3.132171575604803,-0.12164753629695935,1.3962243028730508
20,10.609722380923904,1.326321872780716,0.8795717036774973,1.5900372350588472,-0.8978186391045111,1.2525382651339632,1.3820688405456227,1.527636050984282,0.4406602092257509,-0.23660633937846076,-0.6199674260697692,0.6335418944431708,3.156949636242503,2.3802985936961143,0.3477918104648915,1.7888974588433018,0.9716964783929515,0.9602534687534746,1.1219626536573526,0.5183085151598698,1.8515328724508895,0.6282676038439285,-0.28680782549669215,1.3104373701917242,1.5918341073556816,-1.112416114289482
21,12.80869841119284,-0.47476730426551317,1.0633428940325145,2.231974009431311,0.6465267513003274,-0.6981887420118575,1.6682679423544289,1.1313894807430525,2.8630305243582734,0.6961090047566271,0.005625180798292662,0.36559486146838227,2.2242244375665052,0.7210894138693702,0.8279500327556955,0.08716372387785343,1.466787049646796,0.793179940125183,-0.5588079676927369,1.5961497131281894,1.4873476322875507,-0.06430872053395831,1.1133838462046575,1.1666883110501445,1.8619895262090569,2.0865352427482615
22,6.406462201133043,-0.06618462729005614,-1.3317785360366057,0.0525394967596321,0.29190190686964157,0.7269709091489935,-1.8217583476848729,-0.1803306110634577,0.5668789666340892,0.6549341698043203,1.6435429457979305,-0.08178332751844541,2.4219411693599837,1.8455026351847112,1.5064884062569766,2.209430564904997,1.187580593269029,0.6809634384732562,0.27672972926066,0.3422041456745356,1.6569531869389242,-0.6207272048543186,1.4113043449749447,0.5821537488915516,0.36450961941942894,0.3185087080400162
23,14.326581428686584,-0.35658741999011445,2.3151427519052206,2.235597701918139,0.34989902715552124,2.210893410592642,1.6833299351358428,1.6764361694838696,2.718835707139516,-0.020829500997673556,-0.030972180013200346,2.2947178229537184,0.6000831818662108,-0.8778726806402068,1.2377878269711902,0.7782551489973583,1.4744808473238873,2.1101369249156887,0.6676375896840816,0.8979772989745936,2.071688432679939,0.6936910945664302,-1.287217134820728,2.004441391323052,-0.12753854501623674,0.724501504363915
24,15.524287356128452,2.7103634136331136,-0.07036100273745016,0.3043928334825634,2.3692752185867514,1.6024140055470792,0.46756099468928314,2.730774221101802,1.8958526784497483,2.5810383187675976,0.9937490129239188,1.8516457043662151,1.1240890891450246,1.6884628163783062,0.8304523642937196,0.40382541464270916,1.3195703217772239,-0.9115080403347544,0.08586080235752824,0.323216161514552,0.32621626246601876,0.5947811436537602,2.716951582459342,0.6899763042741468,0.36855727224100654,-0.4954960985033836
25,10.758329742806808,0.205574838566967,0.4556232304435557,0.7601576833247736,2.5797894880723105,-0.4426087615804646,0.4369041853875132,0.8204545111722135,1.0405050774858333,2.1991631112221333,-1.9758868397310025,1.4133787514905656,0.5149310603249143,1.3900054838203744,0.47972823296572664,0.20405835148970186,2.089807219147529,0.8750428514718935,-0.9723214440415715,1.1940450433915004,0.813357589518173,1.5186959718557382,2.2849340500703255,1.9433991988677763,0.39035275610755904,1.7039704223365089
26,14.482187267457004,3.3346058856830982,0.5116796018511326,1.0968395784905605,2.6168204018788934,-0.5005057227316956,0.9376702679037829,-0.11841980457287193,0.04370190923678352,0.4053564206384741,0.8496559646848414,0.6028028799151391,1.2347501111552934,1.922913668137126,0.6981482152928677,1.7171388925046178,0.46360112534311626,0.5212454208524009,2.7972603292328864,1.3381752285953197,0.8583912129991028,1.3090172635329278,-0.22813303069867752,0.6379625164701694,0.9847129960129652,2.368770584194293
27,15.828515057319887,0.2423901411624969,0.6785535243227081,0.3217921982191917,2.202233588825849,1.4456063379984887,1.6457212549843723,0.6671427061316925,2.1885074457001767,1.3523011232924684,1.3111878268167323,0.8967491057843475,2.472152026224627,1.04921024171064,1.9070770630807803,1.404979599866953,1.2708674737463121,0.19679883189410063,0.6451588407751966,1.2469361215082282,-1.2551866481942948,1.1064748721911886,3.3717058557431425,0.24631179613195664,-0.06396252638389543,0.29664129891942903
28,10.224771331453997,1.4797657036716496,0.9964397550898659,-0.8854124320614967,0.9985786742252027,2.1110257930051954,1.3602826447611187,0.025253739333708447,0.2611962107725533,0.25737435943214815,1.5023489297203185,0.5671364612360134,0.5190317056316133,0.24737262226545265,0.3890088535228218,0.12715303705813463,1.713469528185058,-0.3210879216528706,2.3107500765225364,0.9152579399486421,1.8559963342736616,0.7691787233409006,1.3488420758670794,1.368020550366552,1.4067007826166398,1.7394898334060263
29,13.543142798757291,-0.19933665577403392,0.9389033928595626,-0.09077243151056091,1.0758258073337117,2.6204324178357403,2.499757757727366,2.745286702072395,-0.1940836431049433,1.6697190999422808,1.700318955100409,-0.5751532126086405,0.37601444168825404,0.627294967563091,1.9487430229460614,0.6359276733163305,0.23450040562120966,-0.9430836486451974,-0.02703371835981616,4.341590454756154,0.3949737351836168,1.8406510990220206,0.6698167122318075,1.612918485047911,2.1387849766845974,0.7183426587569095
30,14.329781352356964,1.2136177859767125,1.2128744511906955,1.818010464847637,1.7395501123058255,2.4837774844955467,0.028354121702156232,-0.5186726485211257,1.9913142565773378,1.2242355440006896,0.5015319756090759,1.2759895256812654,-0.8394462607861857,1.4689598211871397,0.8004616159884539,0.05661805869648073,1.0437053208940534,1.2607817719640086,1.9893809694204136,1.4673482978743708,0.45014485079964506,1.6468282236216463,2.1334375418489735,0.4712366115250065,0.8945652315805332,-1.010651850970885
31,16.29759661275451,1.9588578190203672,1.1281194278550457,-1.0979565352283411,1.6278780593078108,1.4539807088950631,-0.6495856209757012,2.222724492874671,1.5007898351511946,0.9594042334458835,0.5268794352954327,0.7274763328163171,1.8345285662640292,1.0896440817441688,0.7902633061755289,0.5687623066717546,1.42761067230725,1.4483874053996468,1.660493808269073,1.3581556506199823,2.3990807180955196,1.0157207519008744,0.7899566087101246,1.0247814492853222,1.3741896185695623,-0.2110758951572016
32,16.455142572406956,1.1162307738909416,1.8975786388738203,0.4166307024461293,1.1401936597808289,1.449049473798782,2.9296776614820486,2.2627684625327276,0.33994268894508795,0.7115995277194029,2.1311163677806566,-0.5739412044445134,0.2846436258259559,0.7239220018393432,1.2911192592434149,1.5629277384619789,-0.1970009158167687,3.226154307615503,0.645290020488512,0.5421396938098103,2.5733549184255584,1.1996465721727312,2.5583508268875503,0.8713474167956854,1.7324825650576017,0.658183558139971
33,9.405025808140005,2.1105255862140373,-0.312133656560728,0.3288660734661276,-0.06952106617958997,0.7306329570480024,0.14296381057051233,-0.02707740637588918,1.2636984214003808,2.8017288342572204,1.5887441516891934,-0.4977664933899395,1.1535167602998346,-0.7183059472423086,0.8572198100684967,1.384879836003314,0.21948837633207718,-0.6951753277692967,1.311910457317228,2.403095015674121,1.6850079005668708,0.6745855413543594,0.5726230488934021,0.7409366241478503,0.4104466841350658,0.899634402666827
34,14.602253282936609,3.1706052743931417,2.210591849164617,1.2059861858835361,0.4741819425506847,-0.2876057986668503,1.0725457293007556,0.9024801073097746,1.4152029025324508,0.4938874206647179,3.2834730997600157,-0.4490215418806669,-1.110920346705683,0.02539827683221385,1.8435431832950435,0.7922809201985173,0.22780651236981264,3.0027138216341642,-0.2800478620383098,1.7855440964693594,0.6692955104134325,1.6504628643813013,2.6928739935159944,2.269983267449908,1.4155294099387647,1.6440612390410476
35,19.783665044791928,2.3060658610489932,2.107877634377453,2.8114562841669626,-0.378302753412997,1.5504030097775754,0.8795107036423514,2.658838486394963,1.5813967781479412,1.4764540198337224,1.1781824261569596,0.775588274995878,0.9090003340794826,1.6079554578234552,1.7109614675192033,-0.7335556928768627,0.9675240415409735,1.8205673848642154,3.2873507281664205,0.43376291862821403,1.7627627572903855,-0.48437560182351547,1.2980791230848108,-0.36303764032369146,1.3643324425589236,0.7834205639200016
36,16.559286951589655,0.9371992264811496,1.0147612113840168,0.06547765051975274,0.5165196627758799,0.5483895278917748,2.8619645602710477,1.3104932897472712,1.2860200628669056,2.249068732906042,0.7664206024895162,0.5736455898721556,0.3012456405840668,3.1575974369200304,3.996366734909239,-0.3731199921030375,-0.019594642535701423,1.0631934270512842,1.2873299355252263,1.1797796868636112,1.1867643436285387,1.8727746372287437,0.6580134356414707,3.2096308909276323,-0.3082580928906593,2.3977718867937448
37,8.147673688656232,1.1808178859808491,1.1123357694690763,0.5840608740656137,-0.48958013747263696,0.24503114836587925,0.38204039413750013,0.5878836824657305,1.4464430845451588,0.6317027551880494,0.822715652764487,1.733449993661022,1.4009773526268683,0.6314148647985118,0.33011262872023306,0.4379225636607743,0.3812755882507344,0.39810719942401607,1.4676954012249697,1.0522078059886384,1.206947779975474,0.5456631092061514,-1.2624762528088502,-0.4913437124188498,3.1069940605856763,0.4088107440524158
38,12.469033227909751,0.868285362543267,1.3414901871449234,1.3632011510952315,1.8879826827826165,1.4664677264450123,-0.0638369812284254,1.6433489314777328,0.11716152349928355,0.5551127826454241,1.3443150060065006,3.202568777087422,-0.9085243114597101,-0.4467095674623107,0.4580726828115097,1.2906969127549062,1.6736380172907874,0.8907059986575679,-0.30169886558300063,1.0287830451270652,2.7010667274037337,-2.522078968225255,0.1524045265343671,2.527748175521641,-0.6187702216236703,0.5533244069266756
39,14.27690694738658,-0.22448084163526394,1.8460448113100014,0.013861213745462009,1.1086925855366747,0.2715346797228442,2.529567771202899,1.3229849146399952,1.4206820606282107,1.0602396617456697,1.2596282551613491,3.3000456903675115,2.27485804623143,1.8000608006411891,-0.8701959194370184,1.1997662749099707,1.520004228675579,-0.38671820908095755,1.4471746507634689,0.3261336209965757,2.4312037856321442,0.38008906588245617,-0.03254389067825225,0.12185628396240977,2.5478113785049388,1.331278912697579
40,16.9900663533116,2.7473860034004502,2.3882137782491144,2.0884351087126998,1.4579516392049854,1.6614797451304797,1.8025485849309462,1.7612446860655984,-0.3834219045135969,2.4481901198182854,0.17053750497993125,0.6985785416058731,-0.8917700055106097,0.6188420980016143,1.1624420751622733,1.2712529739768552,1.6690463524803891,0.6064364751658159,1.9106992615680496,2.138254414629396,1.2593109034772132,1.414566007330364,2.2130810556669345,1.8312613831298075,-0.38627123773448724,1.6499432002516077
41,12.618946797050876,1.027928996087894,1.4167122126514062,2.1500858185070024,1.9042517671101598,1.8019560965598624,-0.9524536706560227,0.16286679149935024,1.0166365174953391,1.7031036255918715,0.7796185295214055,0.20209564906117672,1.706325584845429,1.3857095736000344,0.9220294767840151,-0.5162456210611914,1.263727944093233,1.2192405332979386,-0.5527145889298193,2.2809264910023987,0.46003604776074025,0.7271914304579122,0.9789999980140819,2.203609308829474,-0.4368147636573372,0.9079551819975343
42,15.246596446538554,-0.09397780030348724,3.8403065793232316,1.5111966782147186,0.767091838608751,1.0752252661066297,1.5419809079634679,0.4521785824553648,0.6574812478635512,1.788235905466592,1.6054083978879192,1.6820870931225116,-0.18282411019212397,0.5931773406103183,1.6747926871871077,0.4855744354899342,3.2570266245100745,-0.9834444753477611,1.7556038189885457,0.4617293290280161,0.6030997599694885,1.4744503862918217,-0.11695098963365247,-0.41264654732600636,0.8238370801202919,2.2244065820472945
43,11.232610820223442,1.0970720215799163,0.631747155247365,-0.763470087619202,0.5410072833788031,1.4584460974356273,2.068469396694253,0.7553519048036677,1.775527006690449,0.7536477913265839,1.565265247360942,0.41174318262699205,0.2200528993144959,1.4620648001026928,0.1279364108037424,0.12697492356263373,0.7574908194845807,0.6171657778946085,1.0352644429056097,1.5046225036327876,1.1289375199508742,-0.44051993115046684,3.454197177609767,0.23458113625145494,1.837655274093084,-0.8182120227806029
44,7.714087058207681,-0.49160017373550846,-0.1883466997522527,1.0949547605323051,1.817015829865059,-0.002513954156036613,0.7161145226815397,-0.935288456037144,2.641707967118519,0.347226130871488,-0.6189290703482202,1.147412618937531,0.811044105851691,-0.07399330591664932,-0.10924817463964498,-0.1714560373230467,2.148844456849882,-0.8233834241165412,0.19875547839542018,1.1346265897636505,0.1266614754997265,-0.1205279701683657,1.4995566186185791,0.28369439509962435,1.3721152985262273,1.4232882699545333
45,15.34272906354314,-0.5721668916342035,1.4478961565935653,1.9012037224708696,0.9731360026541015,2.221500737777772,2.224606992628398,-0.4558684737064256,1.4689756376705303,0.31891832410417753,1.107433442390042,2.1198455978377173,2.707020804271714,1.1346405700910798,2.3205836113478715,0.08877160405758511,1.5367723235285382,1.609428047640924,0.185972020264366,0.9505967292908515,1.1782757610343997,-0.2637070744648604,2.1685111322291295,-0.265739860129921,0.3291572893243484,-0.5330336796851993
46,10.177955767635616,0.2181053672272536,-0.5793442530049182,1.5281124912188089,-0.42878456826447553,2.3900544615079147,0.6845016664756935,0.44300909776341324,0.9033032532534883,1.708871334955558,1.9562677676497908,-0.423038512357345,-0.18649045724743307,-0.3656055222458221,1.7107051687172574,2.065699161416326,0.9362234810743284,0.5997677466898208,1.071776844386836,0.04940400529177991,0.3903821603332207,-0.0022069988576856048,2.5392548355514517,0.05823716594390904,0.20944230247928874,0.6046402980423411
47,9.184583031259905,0.17099777915794956,1.203349035873421,2.3487203478921996,-0.7680419555621076,0.5391477729506581,0.1575394041808491,1.306340938750293,0.5028145682569443,1.0045155090865894,1.8471192119224504,1.719633867813256,1.5433036544426058,1.7050157085787934,0.22595597285785707,2.1236696865283156,-0.964189824186406,0.01520829853448924,1.748681917117718,0.08497266323503316,-0.02169970864834636,0.16581844755358155,-0.24154785252060051,0.875720203963346,-0.4902667176916471,0.3352455476577717
48,7.130362232807651,-0.25546419103249196,1.1787949935175694,0.8814820645014889,-0.9442487030046922,1.0060394106094779,0.15990909067793757,-2.3778333821300945,-0.1641918892528933,2.0706107854300844,2.518886558269461,0.7156705858367898,1.169917581908131,1.18392338630826,0.8750499801504042,1.7152361861950094,1.0102732813847508,-0.25510504013445967,1.2993166227884252,-0.5283427092747257,1.7477273397333823,1.4303327508601644,0.10670206941278593,-0.9178009301471903,1.2961450120196036,0.8983129042917493
49,14.669607721794119,2.967806437825704,2.5052063105520457,1.7311617323963824,0.5174827823627589,0.8959290127849562,-0.4492738416166049,1.9177079277136688,0.0016955302853338683,-0.005468139206099343,1.9173518396613873,1.6011949274375343,1.706299150552558,-0.7802975144315194,-7.016759343048129e-05,0.6920937135981187,1.440969988892399,1.5175552780182984,0.16170946029989597,3.5811188974231123,1.5331564493233523,-0.8976994800615514,1.852103443660969,2.13681682640721,1.2418923215658555,0.6968035804450774
50,14.306838161242688,0.7836569379936272,1.0468378530091809,-0.25998039327769784,2.5988157505313496,1.3082731066365305,2.1461907022868267,1.6721196879542917,0.5596541233721086,0.3600077662326774,0.2313504537412181,1.8018205834389769,1.7832520127409894,2.4605634713475295,-0.1853463369814412,1.883773274520718,1.072666351531861,0.28609247866645515,1.1273123134048606,1.915119270917371,-0.9478029592711974,1.9225738738144051,0.6744995398279163,0.779993944033785,0.9184596805554808,0.033913036300082466
51,13.842188717395047,1.250231628861107,0.7442205201732848,0.8634338261034353,0.9998410387363104,0.8334239443417952,1.6232595632627493,0.5850045460435018,0.7836892793714149,0.007519338467330439,1.7071117425163618,3.352488523123231,1.2511822084473017,1.4210637623937654,-0.506433440676676,0.1164613848488737,-0.5608379518375795,3.5671022363955998,0.500022545112158,1.6357877613095213,0.5272014109044614,2.462345819717777,-0.13504501168777439,1.4761147794112255,2.2212438159362344,0.9722348989989988
52,7.597002193916294,0.08918728578352175,0.35312492182805555,-0.2463229021593225,0.9817810794335968,1.3384042212841814,0.8906987383450425,1.0583164815883652,-0.009625362391309178,0.7217995808442821,0.5684430320334413,0.4349081342554525,-1.4274731463723174,1.8648883810841803,0.6618069916955986,2.6815476916624927,1.6601813616905818,0.48220935518791386,0.4974733278945501,2.7344463229962335,1.7863130916519057,1.9269819358835405,1.7082272621451249,1.7110121857176614,-0.44261740163412955,0.01582058684755272
53,9.438401268261769,0.4497956294651839,0.33419448898138193,-0.32374994576738514,-0.5264145333551333,2.1865140212312615,1.3014082824042215,0.8027817791243899,0.820321072251889,0.5877218906154824,0.6574637439335613,2.5962638144032297,1.1282924347066097,0.44004364310688093,0.58321317708827,0.24359340242107685,1.9585891882940993,0.5435117509841578,2.2706759428457417,2.0041763046165313,0.08762015982472393,-1.4080603289985958,0.41124995518468166,0.48972831850320087,-0.21709031352307995,0.7163914054715901
54,14.31769702981759,1.6366061147342275,1.6642955333927785,2.546232356664203,1.0961516039351638,2.0079031533306835,1.0262043588739898,-0.5516309422352328,-0.614949573943461,1.800063807990406,2.3453826753985476,1.0186933341824729,1.5077532892475896,1.3595198266148851,1.1934585930138972,-0.7745044840061301,0.8689090846663521,1.1698896299789994,-0.5738386856166788,0.9294394496426951,1.4117116017301183,1.0705444636117525,0.8331474701296461,-0.15790897019372796,-0.500831552345598,1.592021601588315
55,13.808907516047137,1.4264998951970453,0.6335133476519867,0.22387151980450792,2.6028270811588508,1.3041769836285089,1.088077429271797,0.26249552879853855,-0.17087048966171547,1.399356129851827,0.49711429194075596,1.6651979099073255,2.115082528331314,1.5150631357269388,0.3363272582942741,-1.9266877554460233,-0.3437100278716376,2.7815834168605105,1.5306818740259063,1.9193632369282632,2.089322710562334,1.0558264511760953,2.10481662122063,0.04540830691040265,0.8170183483308726,0.5581858996612883
56,12.844477139179993,-0.8225089840394071,0.4185002636421361,-0.773673509467085,2.749289506738098,2.032111403519414,2.015171809429808,1.3939729163492447,0.7663073910191983,0.24719728430161314,1.2911377745619441,1.372951876066122,0.040766613174679334,2.2051672422841184,0.12542525754571265,0.5993737332936195,0.09527002851431621,-0.40258304475577167,2.6087351140623887,0.6471210000307108,1.1125736176862133,1.3188344996560903,0.6091479298333516,1.5103678556743003,1.3284342454505684,-0.4413226496905591
57,12.56973275762519,-0.416189137584855,1.4146837363012612,2.6519383205913156,1.00199659658989,0.3297069046526754,-0.35311005143685015,0.003093866182415028,1.0678897765710602,2.6881761105989606,0.9110589662038535,1.290151206058454,1.6085897157727314,0.5750286080790565,2.5937388179231835,0.028903783038598974,1.6267941375294626,0.7194591286527596,0.7415574698434523,1.7056579281401452,1.1372555172819696,1.4193753976712022,0.8195281812246862,1.4988633136089655,2.2572726428181267,1.0766860468310226
58,7.785141930943751,0.82078637365188,0.5418014104998569,0.5083777260808944,-0.3708707780800484,-0.13282521459528085,0.33871012041439996,1.0592000295831543,-1.4784194921888116,1.0410415731784568,1.9478634271938264,-0.2473223290150779,0.7605199315576395,-0.5184726493462235,2.5334900749486446,0.18729209091041787,1.2889914943999021,0.315383089676711,3.6187967157802055,1.3377123209978552,1.0425746720515732,0.8660104503799702,2.1459476488044418,0.3208697368913189,1.7516210965087997,0.30636651145534943
59,13.28257335478753,0.9840196014060962,1.0086064784854956,1.7746157920113181,2.223433781408084,2.5235893836286856,0.562499467730747,1.7860834136634347,0.5748153935447671,0.6836150716777409,-1.1791860795502478,1.5646143196973314,-1.3464178022880575,0.81857048634919,0.2809277745586569,3.575371787558113,2.1741570819692324,0.7202228798381946,0.8440804697830244,-0.33314674737853944,-0.8089782466528128,-0.5327000999868616,1.3153867539339847,-0.6883473974267691,0.7689717881461798,1.4831546044982769
60,13.344010743768074,-0.5020690622743076,1.5250557041831998,-0.3370548143234202,-0.16519338480232215,-0.00026311915017118714,2.7882032512691524,2.445956495896651,0.3085078838984303,2.831342570131675,0.6220361279301694,1.6469211951104232,0.23903213664176381,-0.32865332044114304,2.552163458055516,1.3089420589561045,0.07090992952778363,1.1369816191915176,1.5522031728374643,1.0717303357392474,1.447963940261125,0.6029991070106957,1.2254437630640862,1.358009533573024,1.5334030061267776,0.2677742321831479
61,12.830430666877572,2.3761543583347433,1.2881249256723635,0.7899173861109671,0.5952860986268482,-0.27480674874181377,0.07112429110880791,-0.8844303381619638,1.266833559806553,0.8123013060320622,0.6063248498770127,0.9069261969554713,2.9363582240707284,1.276916107711049,1.4871797308127492,1.748390506422905,0.01959702611479086,0.9221916614452951,0.9912157512532158,-0.9191314917751428,0.5888082082113331,1.5561148092832404,1.8591269496164853,0.3891418532977551,-0.4187640984467178,0.993948589813828
62,14.034526066478623,1.9985766706408057,0.7775553180649447,0.8902335393504409,2.016639899536915,0.5995199786109994,-0.31944833435683395,-1.0738500403543099,0.9120108709203405,1.8441450528581682,1.6364242815763603,-0.08691864863908871,1.443496463055411,0.40373295223216643,0.7864898650728486,0.9264576531405354,3.251880470744275,0.5201275230406606,0.8071065662028465,2.072650690762944,2.0831893732804527,0.6667884688970196,0.6442362156670702,2.9784920670510537,-0.5465292631181964,-0.04490514804335288
63,10.963590732907338,-0.49524154505585605,0.2832316902883033,-0.11160619811042483,0.9056910741826147,0.3640891606666731,0.3558043371285756,0.45473361874724794,1.547900589031717,1.3205366259471865,0.10004851207737409,1.4268489310811305,1.8620323349323824,2.441279096038609,0.6583935306381234,0.38046113874417276,2.407561961650702,1.513841586440953,1.7053509475280373,2.133511363154922,-0.31960627644997164,-0.891108869564851,0.3663689232449261,0.33806820322204134,0.9001469060105752,0.5192998577875323
64,5.528314876800181,0.34363067359556987,-0.12483587586012934,0.73356926575827,-0.5942749042916236,0.3150563996234772,1.6630715109536482,-1.571104655347348,-0.8579354922281355,0.1389990311605065,2.2055226607905456,0.7541340375585868,1.2339810664510806,1.308712793737364,1.6676345770435725,0.2501291809238787,1.0444311388356557,1.0725198009573267,-0.3658770330998249,0.30059711001463274,-0.4355963043905926,1.181053733324968,2.7550115330479357,-0.18622904367448734,0.49432965773457405,1.0660513636012467
65,8.394275421104137,-0.9483221386870921,-0.4536689970568317,1.4129980013643306,1.8268683790389866,0.42249129827732523,0.7803826306175292,0.5491891718148937,1.0767750248441113,1.817109073974824,0.5391252640998194,2.1818790655057123,1.4441140039578269,-0.45035375212770723,1.1556779105988617,1.2811944097400993,0.19829650706091373,0.6358064079374821,-0.19487705586362103,1.1106620984585485,0.1796120265239327,-0.2881434284167905,1.8756524486778905,1.9976123470826583,1.684916006105786,3.1141072384178368
66,18.50850896236114,0.8426187075325071,0.7595828395248536,1.3247466097276195,1.1673804689177398,1.4045178936802059,1.8110375189279948,2.8045430096008466,0.5687141205057664,0.9270436318853064,0.6829207103362076,0.9160660306726681,1.43933370377877,1.8817400505141584,2.0148935634174965,-0.18946800393227559,1.1425655340823044,-0.19817314654185925,1.7351122065443798,1.3903617892209945,2.7358232311607864,3.1773360706339355,-0.21390057283590824,0.6567711242405969,0.368111175351475,0.5734781057716154
67,12.825063213608571,-0.3277531310439121,-0.11675036509377557,1.680030621096559,0.3584522115142109,1.2799170447088783,1.5709420085462622,1.7031842679041804,1.683655891635272,2.0764897966058573,-0.049309476494798554,1.9227723223216393,0.23695396787388112,1.0155507067805627,2.0923056269407088,2.323529079817491,1.0673838721008804,0.721066080454809,0.3174134013237607,1.9346910719537558,1.9185961027736256,0.8309143427275034,-0.07086461478653905,1.0051384070819929,1.7283483246985902,0.44210508935451653
68,15.135560350317988,2.1715226150612583,1.088598672804536,-0.5875081412135801,-0.7985488853183591,2.327662494826871,-0.031359669592311734,0.6700451634215157,1.1951590625414865,0.5965625985330353,1.9843704384077072,0.9439249636038353,3.0390424727362424,0.5388241858133915,3.7052201801413673,2.3660138785855347,0.8599444887554567,0.843059326460291,1.794029326979282,1.7980765104619376,2.2905802792769494,0.7778802516751029,-1.0381775431116984,-0.6480072704322424,1.3703251304184128,1.8534146604424087
69,10.279094458638145,0.9458900190301935,0.6350004293890286,-1.5481157887191674,2.502629876903394,1.244553629366865,1.233876580679717,0.671533615546426,1.6401043538761613,1.8016451299394864,0.31797401118685,0.758885735966717,1.391468760044049,0.9395861677662102,1.0193722389303856,0.04386655126619332,-1.2799455671608522,0.7788437203175487,0.34093388345384257,-0.40532968026628824,0.30756340810017446,1.9211299343030124,0.8875166201149263,0.18645516632504877,1.634581961250251,1.3896078588242455
70,13.007082349212357,0.5166137782101576,-0.18018724769050953,1.1792118966302374,2.0142630647239765,0.5504637158467094,1.9979567257345783,0.5815713044223796,-0.006069626822007512,1.1678869514144465,1.1238909694397017,-0.4400460481122477,2.6198447352102434,0.1132764578357901,0.43208526862914887,1.8481384115023198,2.466967816912433,1.5477302604186498,0.012657568499932936,0.3267575755255975,1.2806110657668839,1.7712941171054346,1.2277659188731913,1.3018894986994325,0.5372626440802843,2.8414581537045063
71,15.997763466942395,-0.10180499520319031,1.8513185933344931,-0.3895812264644545,2.768704282552436,-0.37113681255572706,0.4094112733887514,2.1308838360868716,-0.4455404032183832,1.9149371625857654,3.289359758380584,0.8724281176501296,0.8666079582348283,1.5091614697532707,0.8233082549174645,0.1990776526336947,1.4619655218412828,2.047001630631256,1.785193044266745,1.6455684378498048,0.8381470732783505,0.43932685374127634,1.4542293303449232,1.1436634899495417,2.1034002339475864,-1.681150738633971
72,13.543746742607063,1.6075772915179638,1.4654419704487536,-0.5629084019736315,0.9602967308774578,-0.12808348507007383,1.4417786479960357,1.0824957900727916,-0.10886815442521658,0.6798398041245628,1.7728298089241725,0.3398466421536356,0.4895245093291871,1.829432442189297,2.5088096740288415,0.6027544079990342,2.9093689404009275,0.9016128440086941,2.801742338882683,0.9262774043721033,-0.4351542614199635,-0.012980906243591939,1.6694245377408345,3.1128889557557433,0.5793924003933661,0.1332658917849483
73,14.6485682262917,0.977309711615107,-0.41255432284557947,1.463003156006419,1.5528574058946552,0.6056432686205738,0.6195093232353526,2.198666760532649,1.5560632205033067,1.2789509690786993,1.603063565916132,0.5599225207899416,0.2757012110396091,1.3161186737586819,1.4953987424190538,0.9129266816624403,1.2251713808156974,2.39573938738806,0.5693569924144758,-0.1907955191848587,2.0023089483598677,1.4247472650171666,1.1746715879024592,2.1419353994874175,-0.04133242010617111,-0.1967378203145702
74,12.541798553992168,-0.47187629025232725,0.8478321903845161,0.8542299144033036,1.1093437253478662,-0.030749716609872246,0.7614977400524658,0.38264569682535243,1.5708936016053272,1.9324198390243437,0.845299944829216,1.0724548097177706,0.2935174674816259,2.387044681509795,0.5464043024457437,1.8662572241811786,1.6134596778606203,0.8733765507069162,0.5925408290040421,1.5130554802571154,0.8640016212799245,0.3008563680649391,1.7150533614498853,1.670315746774731,0.25304558207556926,1.0467151166721738
75,9.137301451587113,2.040734533479614,0.2515673414073216,0.8840739077482578,0.426475739308951,-0.7128904417030275,0.1920072501892146,1.557576288835883,1.337854112194368,-0.5325636407784748,1.9803432253142916,-0.8219799224413482,-0.8907843679520386,1.8319252725022883,0.4320912318312691,0.15275282014751657,2.6982834917738647,1.8935834651549484,1.0344629711007332,1.5140374215819652,0.04272733468487344,0.7854400767483866,0.7240739284973587,1.0966660873348484,0.08667965197956717,1.317076325621019
76,8.873871343331489,0.24086875460715707,0.9255838769028304,0.5436732532227454,0.013009032162267675,0.20911041711074252,0.8983038829754483,-0.720161564903532,1.021919753807713,0.9994196441406663,2.043572501793898,-0.15226218028271132,2.4815252462476516,0.9921334794210361,0.6952578378543908,0.3434892894855286,-1.0191380686089873,-0.4071284425750026,2.563902106367524,3.1550325179376104,0.39966890908157804,0.7505492833199863,0.19672373811303878,1.7765468864421228,2.5200012481386596,1.5693064370903622
77,12.451705680241552,0.28402776487751946,0.04733697087422761,0.5276906731019313,-0.6176484108785008,0.19670749830166823,3.086884007311803,0.26645259911352126,2.3484765697419108,0.8946127836619334,0.4386559645920889,2.1724109238230445,2.0027551419941787,1.2480142072861178,3.1661113865221524,0.4586789796831263,1.2493073787393913,1.4324988952276745,0.8190653367591616,0.3310341209357567,1.6621448555718272,1.8847651651982256,-0.5891819004054113,1.5921418892101977,0.6919629399759897,2.075894804429476
78,16.781242616146788,0.6627722304513004,0.7460589676711938,3.0421130200514517,0.1345967079787982,-0.38543048470046015,1.6446850963277773,0.27651055496991483,2.3537794040345563,1.0808268214754924,3.0801256761435334,-0.06106521379526608,2.2154652186630264,0.9376095138459232,-1.6748688444306796,3.3276833817108873,1.0549598606916808,2.919394315514094,3.210191688289628,0.3290799126890106,0.9080595281821121,0.34349304326784913,-0.09079627167393922,1.0445419618209,0.6592878257476287,3.0014675047078505
79,17.82474838246069,0.9826136564485296,2.3494972745875717,0.9728090998853329,2.209535137033081,1.1100497607439739,1.5470029724738037,0.0659688973536453,1.4987701217250884,0.35665524260949866,0.7967317071145981,1.5967003450750386,2.4801524225554346,0.8614793570565819,0.4625218421081878,0.6737588813544609,0.9897218961545604,1.4926289397085508,0.7389084917171471,1.8808178990610385,2.0134872669087605,1.7476238320527617,-1.2202155747497967,-0.9869525870266556,1.3311876336950377,1.1557804340312199
80,9.692273251050313,1.5014705931346193,1.3050870282879576,2.0976836703835815,-0.027911804018274866,-0.2520633369662477,3.205475743030047,-0.793959514445328,0.6706024917273223,-0.28881913573436546,0.05846938672183899,0.6736645286035019,-0.41002958567591863,0.906660171475761,1.1908741368603706,0.6141635603304181,0.21001865122646257,0.9375143489886142,1.177157252060979,-0.1644506407421551,0.23988006743337886,-0.23543473857177832,0.5958042578697382,1.1681710626185389,-0.6953081395189511,2.4313380806997853
81,14.36066054317385,2.683360972486951,1.6172911823308966,0.6738240789339839,0.5040631957530509,-0.8985051552297616,0.9439879191012346,-0.02893098178311515,1.6650138537858394,1.199559924112986,0.4946799113873892,0.6049246394843406,-0.0022160793368408704,1.3905682400340187,0.877398968191262,3.1895259887061256,2.599632532366225,-0.5646977550900132,2.076895325516736,0.46779915852145837,1.6695169780866226,0.4446872839475955,-0.4974074154434651,2.919792514629703,2.3850324674294408,0.23088364273012874
82,11.463365946985828,-0.23956001319037123,0.9756370242076475,0.6418597098739498,-0.0355329095955903,-1.7444239371994485,-0.5618288326694219,1.3783560427622932,2.0160359854058454,2.183456237597208,0.15351488012948655,3.2059874949207607,0.9900644092948419,0.4699328926318378,3.1175787766713614,1.5200677363760167,-0.6577280423526461,2.622917119041408,1.856370326819285,-0.522402224896344,1.5345960577327407,2.536759095926649,0.2932019428085857,1.388319888637642,0.713368955810437,0.1406230804647579
83,17.09589687698803,0.6698522181597455,0.27651819532695177,1.3967570995831395,1.644142000710597,0.996157302288473,1.939174463241363,1.4815546604181473,1.836467215037722,1.8019844010484647,1.0612224777691177,0.7031099772895655,-0.7166993706424254,1.2483916360317864,3.6716113047061953,1.5465236825696915,2.687793954398754,1.3172359501810478,2.055104196401162,1.637544357722944,1.108489771045738,0.4776077950496912,1.494285744516159,0.7788797096544974,2.1687019356024386,-0.11249516290769557
84,14.510655630225857,2.4540877705692417,1.8833577077414867,1.3487336717795584,-0.30951328110942056,0.009215794342344097,-1.4461969158574752,1.2039667710528459,2.3369275574352133,0.8219962807180284,0.08345407813390404,1.7857769491640982,0.6076065508324691,2.004085207580916,0.041414304993556916,1.8321300172673407,1.2391835355256855,2.817495068173464,1.8777987282930817,1.6309947462137078,-0.38525914571161146,2.469276052879776,-0.5665640083813346,0.9987055495073198,0.0192224102400419,0.7049280849356867
85,16.250962238015767,0.5283796539161594,1.5848577681009546,0.8865766349842632,0.9145984952197075,-0.1510493251700593,2.125909984642041,2.9389559936471783,0.5058932400068574,2.2040381870263195,-0.593526863383903,0.37563803080401215,0.9559147309955391,3.321724202189577,0.5839093947103988,1.653863706551724,1.9848764359554638,0.6928901016073485,1.613734427146766,-0.14707362467697438,1.7874665361055706,2.733100658122024,1.4180408242575677,-0.03972731587326561,-0.2406133845704106,2.1979918380673613
86,12.855631666775615,-0.7473393468259015,0.3732347596680491,1.005202058671687,1.5528005405942547,0.43773878260016996,1.8768031803718088,0.5197511752364306,1.48258821410996,0.12810989978008003,1.863665163701639,1.7021988568562145,1.7720429464920213,-0.15684660858965005,1.7777785629932468,2.032243012585514,1.134685695036028,-0.18434346367902976,1.9532489626488596,3.349431738641973,-0.6117467015890317,2.5425635194426652,2.3068956687895668,1.6226822126563647,0.5814066177722987,2.319169159462192
87,17.045041970728597,1.8422219941677032,1.0275671290583006,0.44189451810367886,1.9622109133341579,1.6698079473771457,1.532388782069553,0.7040955786760945,0.5206328720687394,0.7636558558164397,0.6160126841265927,2.1983885273851715,2.6031325912918972,0.2793869249526477,0.4895784503713243,1.1481687572730102,1.4273406444326138,1.2562064384558758,0.9793071173051531,1.7853249817214847,0.996593348028953,2.321462706184435,1.4679845657711612,0.1568168785465709,-0.1306850025468873,1.7339679070633651
88,8.35850001032534,-0.7069327951375732,1.2435420744555623,-0.2643272302091917,0.6908657470794428,1.6625172121044325,1.2522224144306902,0.7729211261975893,0.9985348791864624,-0.26713675397134473,1.9698979339478626,0.9805706907767033,0.33380583745594716,0.7548482929835116,-0.014260898336351913,0.8294352797118874,0.8934385741427804,0.25644793246847164,-0.9465994150246837,-0.05462738919189847,-1.0658311309314819,2.2522885241237667,-0.060213940060523496,2.4558354483757014,1.9436066471953355,2.648279438956467
89,14.291717007116814,1.279176567269663,-0.5651438517331977,0.8666546727653456,2.072929183236532,1.3204338099397834,0.47497370380535164,2.3273994853769326,3.824515398497176,0.7352566350825581,1.4830776635652518,1.009633304794433,0.9810568498360389,1.321648774897704,-1.5388527134379486,-0.214722506657137,1.1073482393306933,0.6684538422605538,2.281256919673641,-0.906949143636737,1.980019180515495,1.5659244127842196,0.705770386388592,2.4601586435798524,0.0935156491732706,-0.15265795051377196
90,12.437712002460877,-0.14890877005843728,0.9291852295142468,1.3033196855404832,1.841043769960501,1.7905883795348574,1.199680513532801,1.1842501246762995,0.8059462302598679,0.5532790500765459,-1.7426004190298485,1.0049603122200832,1.7282266482400759,3.055877212125175,0.38990024113371147,1.3004263662874145,-0.34244835918159366,0.9916104045992645,1.9018665826137808,-0.002329388781743491,0.41501373175622835,0.9013720118298074,0.9519493918337564,1.3668208032534748,-0.01420023939410564,0.44545961401490286
91,17.076049463803884,2.055671547981712,3.845107134224612,2.0763718109575806,0.43863553270029076,1.2875816344202167,0.9587859127644361,0.8387467537367308,1.8477761726272084,0.8076488675694976,0.9381961212699383,0.09669845884799044,-1.4399832823707324,2.404024449510893,0.15224702368752174,1.018228304824469,1.250204072948203,-0.42992658756535573,1.2181639168241234,1.9319825187579487,1.5521632941183823,0.5985864427806835,0.5982485627627192,-0.15385141469750296,0.6524268989592596,0.17689108157466527
92,12.375476598007438,2.0554005853971673,3.3678815966561153,-0.06618720342185558,-0.2602640003548531,-0.9349617109992876,1.504256133633198,0.20167840481146637,1.0720817896578707,-0.2769802671376924,2.6712666708953035,1.8420178560292335,1.8750458006072332,0.7476118691885404,0.6685460676160255,-0.7594873033652001,1.10097288634173,2.05442857882752,0.63239562593372,2.2724945268725443,1.1904827194481302,1.0701185095363657,2.1869415991091414,2.7856837699151313,0.517947370958737,1.4667273270675711
93,17.377631975069,3.6343238358419176,2.9463087040509865,1.3926609141425177,1.588013262050504,-0.6901948831116786,0.9450629425654158,2.1659196898425144,2.7482497770307948,2.4892358101439065,0.51372818690295,0.04651575773373673,0.19991072882579652,0.24191514405994463,1.3838308009451927,-0.139414580895459,0.8456320578295469,3.030079839666611,0.3449654180891123,0.08098287970333529,-0.6771866913096025,0.5824452723128042,-0.26881109679123805,1.3726803755911063,0.26891192328361846,0.7466217076709453
94,14.362795381208388,0.06141518225581233,0.5234428323369391,0.9343504254432649,0.8572536135498643,1.726707968428149,1.8342510110351702,1.9797007121116095,0.6757218880378175,0.5214141306488047,1.0185297573104963,0.12104230421811535,1.6654185220862083,2.2496847854721578,1.5726346170851337,0.8482298279847265,-1.032723342538103,1.933644881511095,1.466095279330653,3.28831406097925,1.3621755384531378,1.8247048020453267,0.041061487365616434,2.0702948417391034,1.5293692758994852,1.2071043970389836
95,12.43792123298479,1.976139208369381,-0.7761804759804682,0.09734868451036527,1.0001534285853284,0.6170866838170577,1.6610908914443911,2.6714872223925346,0.9320556840189423,0.3067355563028613,1.3634955365372938,0.16409589129726943,-0.24246577784949275,0.6346922133870808,2.1406050427360728,3.1246437751895586,1.738323484397274,0.1278832386336498,0.37525031076185755,1.5414769260076167,0.2860902344452212,-0.13865330026997724,1.53215498083507,1.4111668664874686,2.7982621720495677,0.3871838700521424
96,9.27128312211111,-0.6288674699785881,-0.02843182641355657,2.842751206052448,1.419519005219538,1.5709392732232166,0.4022363871229423,0.7354581631090131,0.7839245036140088,0.8535502291291959,0.7612809234881783,1.1317794935746206,1.8284058110266823,-0.6268300351321134,1.6820486475215444,0.6850292585775264,-0.7313842182012178,-0.6897828308585798,0.6485303548288324,0.31856433491079506,0.7634387350690517,1.294514238521373,0.4568644771335483,1.3342826764002056,0.10747894483717324,1.3257532196346613
97,10.843796757677548,0.5050279363898553,1.8234962732436788,-0.09654845404870982,1.2483064279075493,-0.8100910358324402,1.0305619578731733,0.21674361065911307,2.2205728004645273,1.2656657885919915,-0.8510475706404912,1.314044377455118,0.36893138998471153,1.4222247295149208,0.961947879988037,0.33376005226207817,1.035006746974093,-0.02917100644152093,-0.8508353698449445,0.7801692105227129,2.127356346954042,1.286245938234317,1.3353783793899232,1.5487224984172268,-0.8139035640139101,1.7396937914719302
98,18.810724043156615,2.584778061847645,2.4626550958840374,1.509285314204173,2.6585350333919884,2.253343477984556,1.6780988636081835,-0.25471715313326904,-0.6015018206267555,2.474772579312994,2.855462042992668,0.6208099557726015,0.7532863076407847,1.6672019280282218,0.6463922891288956,-1.2855474450401072,-0.7463455155600385,0.4425950520890577,2.5132380791285094,1.3875688168424676,2.3730591073456413,0.28483613243822137,1.4310385970773858,3.790262546071763,-0.2729001488476943,2.0699104781099376
99,12.955536217052858,0.6432261457303358,-0.0658457082635504,-0.5365587933061278,1.1781908884553296,0.4376531444774381,1.0534103237137376,3.0737798738174695,-0.5003582436954321,3.2051221272177575,1.6523503726696562,0.6346755393699054,0.7211919263813291,1.11603416097406,1.748720390285059,0.6374245485035462,1.519760776788905,0.36806376096992555,1.006845714962502,0.3205273544627021,1.5820460053039445,0.8308864965468609,1.5395229885348072,0.29751905950047963,1.7266944369396962,0.7082355863798083
